{
  "variants": {
    "facing=east,in_wall=false,open=false": {
      "uvlock": false,
      "y": 270,
      "model": "mcwfencesbyg:block/highley_gate/jacaranda_highley_gate"
    },
    "facing=east,in_wall=false,open=true": {
      "uvlock": false,
      "y": 270,
      "model": "mcwfencesbyg:block/highley_gate/jacaranda_highley_gate_open"
    },
    "facing=east,in_wall=true,open=false": {
      "uvlock": false,
      "y": 270,
      "model": "mcwfencesbyg:block/highley_gate/jacaranda_highley_gate"
    },
    "facing=east,in_wall=true,open=true": {
      "uvlock": false,
      "y": 270,
      "model": "mcwfencesbyg:block/highley_gate/jacaranda_highley_gate_open"
    },
    "facing=north,in_wall=false,open=false": {
      "uvlock": false,
      "y": 180,
      "model": "mcwfencesbyg:block/highley_gate/jacaranda_highley_gate"
    },
    "facing=north,in_wall=false,open=true": {
      "uvlock": false,
      "y": 180,
      "model": "mcwfencesbyg:block/highley_gate/jacaranda_highley_gate_open"
    },
    "facing=north,in_wall=true,open=false": {
      "uvlock": false,
      "y": 180,
      "model": "mcwfencesbyg:block/highley_gate/jacaranda_highley_gate"
    },
    "facing=north,in_wall=true,open=true": {
      "uvlock": false,
      "y": 180,
      "model": "mcwfencesbyg:block/highley_gate/jacaranda_highley_gate_open"
    },
    "facing=south,in_wall=false,open=false": {
      "uvlock": false,
      "model": "mcwfencesbyg:block/highley_gate/jacaranda_highley_gate"
    },
    "facing=south,in_wall=false,open=true": {
      "uvlock": false,
      "model": "mcwfencesbyg:block/highley_gate/jacaranda_highley_gate_open"
    },
    "facing=south,in_wall=true,open=false": {
      "uvlock": false,
      "model": "mcwfencesbyg:block/highley_gate/jacaranda_highley_gate"
    },
    "facing=south,in_wall=true,open=true": {
      "uvlock": false,
      "model": "mcwfencesbyg:block/highley_gate/jacaranda_highley_gate_open"
    },
    "facing=west,in_wall=false,open=false": {
      "uvlock": false,
      "y": 90,
      "model": "mcwfencesbyg:block/highley_gate/jacaranda_highley_gate"
    },
    "facing=west,in_wall=false,open=true": {
      "uvlock": false,
      "y": 90,
      "model": "mcwfencesbyg:block/highley_gate/jacaranda_highley_gate_open"
    },
    "facing=west,in_wall=true,open=false": {
      "uvlock": false,
      "y": 90,
      "model": "mcwfencesbyg:block/highley_gate/jacaranda_highley_gate"
    },
    "facing=west,in_wall=true,open=true": {
      "uvlock": false,
      "y": 90,
      "model": "mcwfencesbyg:block/highley_gate/jacaranda_highley_gate_open"
    }
  }
}