{
  "multipart": [
      {
      "when": {
        "north": "false",
		"east": "false",
		"west": "false",
		"south": "false"
		
      },
      "apply": {
        "model": "mcwfencesbyg:block/wired/lament_wired_fence_post"
      }
    },
    {
      "when": {
        "north": "true"
      },
      "apply": {
        "model": "mcwfencesbyg:block/wired/lament_wired_fence_post"
      }
    },
    {
      "when": {
        "east": "true"
      },
      "apply": {
        "model": "mcwfencesbyg:block/wired/lament_wired_fence_post",
        "y": 90
      }
    },
    {
      "when": {
        "south": "true"
      },
      "apply": {
        "model": "mcwfencesbyg:block/wired/lament_wired_fence_post"
      }
    },
    {
      "when": {
        "west": "true"
      },
      "apply": {
        "model": "mcwfencesbyg:block/wired/lament_wired_fence_post",
        "y": 90
      }
    },
	
    {
      "when": {
        "north": "true"
      },
      "apply": {
        "model": "mcwfencesbyg:block/wired/lament_wired_fence_side",
        "uvlock": false
      }
    },
    {
      "when": {
        "east": "true"
      },
      "apply": {
        "model": "mcwfencesbyg:block/wired/lament_wired_fence_side",
        "y": 90,
        "uvlock": false
      }
    },
    {
      "when": {
        "south": "true"
      },
      "apply": {
        "model": "mcwfencesbyg:block/wired/lament_wired_fence_side",
        "y": 180,
        "uvlock": false
      }
    },
    {
      "when": {
        "west": "true"
      },
      "apply": {
        "model": "mcwfencesbyg:block/wired/lament_wired_fence_side",
        "y": 270,
        "uvlock": false
      }
    }
  ]
}