{
    "type": "minecraft:crafting_shaped",
    
    "pattern":
    [
		"CBC",
		"CAC"
    ],
    
    "key":
    { 
        "A":
        {
            "item": "minecraft:stick"
        },  

        "B":
        {
            "item": "biomesoplenty:dead_planks"
        },   		
        
        "C":
        {
            "item": "biomesoplenty:dead_log"
        }
    },
    
    "result":
    {
        "item":  "mcwfencesbop:dead_picket_fence",
        "count": 3
    }
}