{
    "type": "minecraft:crafting_shaped",
    
    "pattern":
    [
		"ACA",
		"ABA"
    ],
    
    "key":
    { 
        "A":
        {
            "item": "minecraft:stick"
        },    
        
        "B":
        {
            "item": "byg:rainbow_eucalyptus_log"
        },   		
        
        "C":
        {
            "item": "minecraft:iron_bars"
        }
    },
    
    "result":
    {
        "item":  "mcwfencesbyg:rainbow_eucalyptus_wired_fence",
        "count": 3
    }
}